id;nombre;direccion;titulo;rut;telefono
1;Credit Card Account;Tools Handmade;generating Maine input;compress Kuwait artificial intelligence;34767
2;payment capability;Quality;Up-sized Savings Account Home;Executive incubate;89452
3;matrix Accounts;initiatives policy cross-platform;matrix productivity azure;Cheese;20242
4;driver;feed;payment Auto Loan Account;Practical;88476
5;Bedfordshire;Flat indexing Sleek Soft Pants;transitional user-facing;purple;50929
6;Home Frozen Handcrafted;Point orange Buckinghamshire;lime Home Loan Account Investment Account;Savings Account interactive;40713
7;panel online withdrawal;auxiliary;Assurance Cambridgeshire multi-state;calculate;71282
8;China Unbranded Rubber Soap protocol;deposit 24/365;National sticky;Investment Account client-driven Investment Account;96645
9;CSS Director;Lead wireless Garden;payment monitor;Route;17095
10;quantify Customer mobile;Platinum;Program;Tuna Credit Card Account;97027
